14100,三联装356mm主炮,T1,普通,战列炮,通常弹,白鹰,,,,,,,,,,,,,,,,
14120,三联装356mm主炮,T2,普通,战列炮,高爆弹,白鹰,,,,,,,,,,,,,,,,
14140,三联装356mm主炮,T3,稀有,战列炮,高爆弹,白鹰,,,,,,,,,,,,,,,,
14160,试作型四联装356mm主炮MkB,T0,精锐,战列炮,高爆弹,白鹰,,,,,,,,,,,,,,,,
14180,双联装406mm主炮Mk1,T0,稀有,战列炮,穿甲弹,白鹰,,,,,,,,,,,,,,,,
14200,双联装406mm主炮Mk5,T1,普通,战列炮,通常弹,白鹰,,,,,,,,,,,,,,,,
14220,双联装406mm主炮Mk5,T2,稀有,战列炮,穿甲弹,白鹰,,,,,,,,,,,,,,,,
14240,双联装406mm主炮Mk5,T3,精锐,战列炮,穿甲弹,白鹰,,,,,,,,,,,,,,,,
14260,双联装406mm主炮Mk8,T0,精锐,战列炮,穿甲弹,白鹰,,,,,,,,,,,,,,,,
14300,三联装406mm主炮Mk6,T1,普通,战列炮,通常弹,白鹰,,,,,,,,,,,,,,,,
14320,三联装406mm主炮Mk6,T2,稀有,战列炮,高爆弹,白鹰,,,,,,,,,,,,,,,,
14340,三联装406mm主炮Mk6,T3,精锐,战列炮,高爆弹,白鹰,MK6,,,,,,,,,,,,,,,
14360,试作型三联装406mm主炮MkD,T0,超稀有,战列炮,穿甲弹,白鹰,MKD,,,,,,,,,,,,,,,
14380,三联装406mm主炮Mk2,T0,精锐,战列炮,通常弹,白鹰,,,,,,,,,,,,,,,,
14460,三联装406mm主炮Mk7,T0,海上传奇,战列炮,高爆弹,白鹰,MK7,,,,,,,,,,,,,,,
14500,试作型双联装457mm主炮MkA,T0,海上传奇,战列炮,穿甲弹,白鹰,457,,,,,,,,,,,,,,,
14520,试作型双联装406mm主炮Mk4,T0,超稀有,战列炮,穿甲弹,白鹰,MK4,,,,,,,,,,,,,,,
24000,四联装356mm主炮,T1,稀有,战列炮,通常弹,皇家,,,,,,,,,,,,,,,,
24020,四联装356mm主炮,T2,精锐,战列炮,高爆弹,皇家,,,,,,,,,,,,,,,,
24040,四联装356mm主炮,T3,超稀有,战列炮,高爆弹,皇家,乔五炮,,,,,,,,,,,,,,,
24060,双联装356mm主炮,T0,精锐,战列炮,高爆弹,皇家,,,,,,,,,,,,,,,,
24100,双联装381mm主炮,T1,普通,战列炮,通常弹,皇家,,,,,,,,,,,,,,,,
24120,双联装381mm主炮,T2,稀有,战列炮,穿甲弹,皇家,,,,,,,,,,,,,,,,
24140,双联装381mm主炮,T3,精锐,战列炮,穿甲弹,皇家,,,,,,,,,,,,,,,,
24160,试作型三联装381mm主炮,T0,超稀有,战列炮,高爆弹,皇家,君主炮,,,,,,,,,,,,,,,
24200,三联装406mm主炮,T1,稀有,战列炮,通常弹,皇家,,,,,,,,,,,,,,,,
24220,三联装406mm主炮,T2,精锐,战列炮,通常弹,皇家,,,,,,,,,,,,,,,,
24240,三联装406mm主炮,T3,超稀有,战列炮,通常弹,皇家,马萨诸塞炮,,,,,,,,,,,,,,,
24340,双联装381mm主炮改,T0,超稀有,战列炮,高爆弹,皇家,381改,,,,,,,,,,,,,,,
30000,305mm连装炮,T0,稀有,战列炮,通常弹,重樱,,,,,,,,,,,,,,,,
34000,356mm连装炮,T1,普通,战列炮,通常弹,重樱,,,,,,,,,,,,,,,,
34020,356mm连装炮,T2,普通,战列炮,高爆弹,重樱,,,,,,,,,,,,,,,,
34040,356mm连装炮,T3,稀有,战列炮,高爆弹,重樱,,,,,,,,,,,,,,,,
34060,356mm呈搅装炮,T0,稀有,战列炮,高爆弹,重樱,,,,,,,,,,,,,,,,
34100,410mm连装炮,T1,普通,战列炮,通常弹,重樱,,,,,,,,,,,,,,,,
34120,410mm连装炮,T2,稀有,战列炮,高爆弹,重樱,,,,,,,,,,,,,,,,
34140,410mm连装炮,T3,精锐,战列炮,高爆弹,重樱,紫410,,,,,,,,,,,,,,,
34160,410mm连装炮(三式弹),T0,超稀有,战列炮,三式弹,重樱,礼花炮,,,,,,,,,,,,,,,
34180,试作型410mm三连装炮,T0,超稀有,战列炮,穿甲弹,重樱,出云炮,,,,,,,,,,,,,,,
34240,460mm三连装炮,T0,海上传奇,战列炮,穿甲弹,重樱,大和炮,,,,,,,,,,,,,,,
34300,410mm连装炮改,T0,精锐,战列炮,高爆弹,重樱,,,,,,,,,,,,,,,,
44000,三联283mmSKC34主炮,T1,普通,战列炮,通常弹,铁血,,,,,,,,,,,,,,,,
44020,三联283mmSKC34主炮,T2,稀有,战列炮,通常弹,铁血,,,,,,,,,,,,,,,,
44040,三联283mmSKC34主炮,T3,精锐,战列炮,通常弹,铁血,,,,,,,,,,,,,,,,
44100,双联380mmSKC主炮,T1,稀有,战列炮,通常弹,皇家,,,,,,,,,,,,,,,,
44120,双联380mmSKC主炮,T2,精锐,战列炮,穿甲弹,铁血,,,,,,,,,,,,,,,,
44140,双联380mmSKC主炮,T3,超稀有,战列炮,穿甲弹,铁血,俾斯麦炮,,,,,,,,,,,,,,,
44200,试作型双联装406mmSKC主炮,T0,超稀有,战列炮,高爆弹,铁血,大帝炮,,,,,,,,,,,,,,,
44300,试作型三联装305mmSKC39主炮,T0,超稀有,战列炮,高爆弹,铁血,奥丁炮,,,,,,,,,,,,,,,
85300,B-37 三联装406mm主炮MK-1,T1,稀有,战列炮,通常弹,北方联合,,,,,,,,,,,,,,,,
85320,B-37 三联装406mm主炮MK-1,T2,精锐,战列炮,高爆弹,北方联合,,,,,,,,,,,,,,,,
85420,三联装305mm主炮Model1907,T3,稀有,战列炮,高爆弹,北方联合,甘古特炮,,,,,,,,,,,,,,,
85420,三联装305mm主炮Model1907,T3,稀有,战列炮,高爆弹,北方联合,,,,,,,,,,,,,,,,
90300,四联装330mm主炮Mle1931,T1,普通,战列炮,通常弹,自由鸢尾,,,,,,,,,,,,,,,,
90320,四联装330mm主炮Mle1931,T2,稀有,战列炮,通常弹,自由鸢尾,,,,,,,,,,,,,,,,
90340,四联装330mm主炮Mle1931,T3,精锐,战列炮,穿甲弹,自由鸢尾,,,,,,,,,,,,,,,,
90400,四联装380mm主炮Mle1935,T1,稀有,战列炮,通常弹,自由鸢尾,,,,,,,,,,,,,,,,
90420,四联装380mm主炮Mle1935,T2,精锐,战列炮,高爆弹,自由鸢尾,,,,,,,,,,,,,,,,
90440,四联装380mm主炮Mle1935,T3,超稀有,战列炮,高爆弹,自由鸢尾,让巴尔炮,,,,,,,,,,,,,,,
91000,试作型三联装406mm/50主炮,T0,超稀有,战列炮,穿甲弹,自由鸢尾,香槟炮,,,,,,,,,,,,,,,
95000,三联装381mm主炮Model1934,T1,稀有,战列炮,通常弹,撒丁帝国,,,,,,,,,,,,,,,,
95020,三联装381mm主炮Model1934,T2,精锐,战列炮,穿甲弹,撒丁帝国,,,,,,,,,,,,,,,,
95040,三联装381mm主炮Model1934,T3,超稀有,战列炮,穿甲弹,撒丁帝国,嗑药炮,,,,,,,,,,,,,,,
95480,三联装320mm主炮Model1934,T0,稀有,战列炮,穿甲弹,撒丁帝国,,,,,,,,,,,,,,,,
95900,试作型三联装406mm主炮Model1940,T0,超稀有,战列炮,半穿甲弹,撒丁帝国,马可炮,,,,,,,,,,,,,,,
33100,试作型三联装310mm主炮,T0,超稀有,大口径重巡炮,高爆弹,重樱,吾妻炮,,,,,,,,,,,,,,,
43140,三联283mmSKC28主炮,T3,精锐,大口径重巡炮,通常弹,铁血,德意志炮,,,,,,,,,,,,,,,
44400,试作型三联装305mmSKC39主炮(超巡用),T0,超稀有,大口径重巡炮,穿甲弹,铁血,埃吉尔炮,,,,,,,,,,,,,,,
85520,B-50 三联装305mm主炮MK-15,T0,超稀有,大口径重巡炮,穿甲弹,北方联合,喀琅施塔得炮,,,,,,,,,,,,,,,
90360,试作型四联装330mm主炮Mle1931(超巡用),T0,超稀有,大口径重巡炮,穿甲弹,自由鸢尾,布雷斯特炮,,,,,,,,,,,,,,,
7300,试作型三联装203mm舰炮,T0,超稀有,重巡炮,高爆弹,自由鸢尾,路易炮,,,,,,,,,,,,,,,
13000,三联装203mm主炮,T1,普通,重巡炮,通常弹,白鹰,,,,,,,,,,,,,,,,
13020,三联装203mm主炮,T2,普通,重巡炮,通常弹,白鹰,,,,,,,,,,,,,,,,
13040,三联装203mm主炮,T3,稀有,重巡炮,高爆弹,白鹰,,,,,,,,,,,,,,,,
13060,三联装203mm主炮Mk13,T0,稀有,重巡炮,高爆弹,白鹰,,,,,,,,,,,,,,,,
13100,三联装203mm主炮改进型,T1,普通,重巡炮,通常弹,白鹰,,,,,,,,,,,,,,,,
13120,三联装203mm主炮改进型,T2,稀有,重巡炮,高爆弹,白鹰,,,,,,,,,,,,,,,,
13140,三联装203mm主炮改进型,T3,精锐,重巡炮,高爆弹,白鹰,,,,,,,,,,,,,,,,
13160,三联装203mm主炮Mk15,T0,超稀有,重巡炮,穿甲弹,白鹰,巴尔的摩炮,,,,,,,,,,,,,,,
23000,双联装203mm主炮,T1,普通,重巡炮,通常弹,皇家,,,,,,,,,,,,,,,,
23020,双联装203mm主炮,T2,稀有,重巡炮,穿甲弹,皇家,,,,,,,,,,,,,,,,
23040,双联装203mm主炮,T3,精锐,重巡炮,穿甲弹,皇家,,,,,,,,,,,,,,,,
23100,试作型双联装234mm主炮,T0,超稀有,重巡炮,通常弹,皇家,柴郡炮,,,,,,,,,,,,,,,
23120,试作型三联装234mm主炮,T0,海上传奇,重巡炮,通常弹,皇家,234,,,,,,,,,,,,,,,
23200,试作型三联装203mm主炮Mark IX,T0,超稀有,重巡炮,高爆弹,皇家,阿尔伯马尔炮,,,,,,,,,,,,,,,
33000,203mm连装炮,T1,普通,重巡炮,通常弹,重樱,,,,,,,,,,,,,,,,
33020,203mm连装炮,T2,稀有,重巡炮,高爆弹,重樱,,,,,,,,,,,,,,,,
33040,203mm连装炮,T3,精锐,重巡炮,高爆弹,重樱,,,,,,,,,,,,,,,,
33060,试作型203mm(3号)连装炮,T0,超稀有,重巡炮,高爆弹,重樱,3号炮,,,,,,,,,,,,,,,
33080,203mm连装炮改,T3,精锐,重巡炮,高爆弹,重樱,,,,,,,,,,,,,,,,
43000,双联装203mmSKC主炮,T1,稀有,重巡炮,穿甲弹,铁血,,,,,,,,,,,,,,,,
43020,双联装203mmSKC主炮,T2,精锐,重巡炮,穿甲弹,铁血,,,,,,,,,,,,,,,,
43040,双联装203mmSKC主炮,T3,超稀有,重巡炮,穿甲弹,铁血,欧根炮,,,,,,,,,,,,,,,
43060,试作型三联装203mmSKC主炮,T0,超稀有,重巡炮,穿甲弹,铁血,罗恩炮,,,,,,,,,,,,,,,
43080,双联装203mmSKC主炮改,T0,超稀有,重巡炮,穿甲弹,铁血,欧根炮・改,,,,,,,,,,,,,,,
90860,双联装203mm主炮Mle1931,T1,稀有,重巡炮,高爆弹,自由鸢尾,,,,,,,,,,,,,,,,
90880,双联装203mm主炮Mle1931,T2,精锐,重巡炮,高爆弹,自由鸢尾,,,,,,,,,,,,,,,,
90900,双联装203mm主炮Mle1931,T3,超稀有,重巡炮,高爆弹,自由鸢尾,阿尔及利亚炮,,,,,,,,,,,,,,,
91100,双联装203mm主炮Mle1924,T1,普通,重巡炮,高爆弹,自由鸢尾,,,,,,,,,,,,,,,,
95200,双联203mm主炮Model1927,T1,稀有,重巡炮,通常弹,撒丁帝国,,,,,,,,,,,,,,,,
95220,双联203mm主炮Model1927,T2,精锐,重巡炮,半穿甲弹,撒丁帝国,,,,,,,,,,,,,,,,
95240,双联203mm主炮Model1927,T3,超稀有,重巡炮,半穿甲弹,撒丁帝国,扎拉炮,,,,,,,,,,,,,,,
95300,双联203mm主炮Model1924,T1,普通,重巡炮,通常弹,撒丁帝国,,,,,,,,,,,,,,,,
7000,单装152mm主炮,T1,普通,轻巡炮,通常弹,北方联合,,,,,,,,,,,,,,,,
7040,单装152mm主炮,T3,稀有,轻巡炮,通常弹,北方联合,,,,,,,,,,,,,,,,
7100,单装150mm主炮,T1,普通,轻巡炮,通常弹,东煌,,,,,,,,,,,,,,,,
12000,双联152mm主炮,T1,普通,轻巡炮,通常弹,白鹰,,,,,,,,,,,,,,,,
12020,双联152mm主炮,T2,普通,轻巡炮,通常弹,白鹰,,,,,,,,,,,,,,,,
12040,双联152mm主炮,T3,稀有,轻巡炮,通常弹,白鹰,,,,,,,,,,,,,,,,
12060,双联152mm主炮Mk15,T0,稀有,轻巡炮,通常弹,白鹰,,,,,,,,,,,,,,,,
12100,三联装152mm主炮(白鹰),T1,普通,轻巡炮,通常弹,白鹰,,,,,,,,,,,,,,,,
12120,三联装152mm主炮(白鹰),T2,稀有,轻巡炮,通常弹,白鹰,,,,,,,,,,,,,,,,
12140,三联装152mm主炮(白鹰),T3,精锐,轻巡炮,高爆弹,白鹰,,,,,,,,,,,,,,,,
12160,三联装152mm主炮Mk16,T0,超稀有,轻巡炮,高爆弹,白鹰,,,,,,,,,,,,,,,,
12200,试作型三联装152mm高平两用炮Mk17,T0,超稀有,轻巡炮,高爆弹,白鹰,西雅图炮,,,,,,,,,,,,,,,
22000,单装152mm副炮,T1,普通,轻巡炮,穿甲弹,皇家,,,,,,,,,,,,,,,,
22020,单装152mm副炮,T2,普通,轻巡炮,穿甲弹,皇家,,,,,,,,,,,,,,,,
22040,单装152mm副炮,T3,稀有,轻巡炮,穿甲弹,皇家,,,,,,,,,,,,,,,,
22060,双联装152mm副炮,T0,稀有,轻巡炮,高爆弹,皇家,,,,,,,,,,,,,,,,
22100,双联装152mm主炮,T1,普通,轻巡炮,穿甲弹,皇家,,,,,,,,,,,,,,,,
22120,双联装152mm主炮,T2,稀有,轻巡炮,穿甲弹,皇家,,,,,,,,,,,,,,,,
22140,双联装152mm主炮,T3,精锐,轻巡炮,穿甲弹,皇家,,,,,,,,,,,,,,,,
22200,三联装152mm主炮(皇家),T1,普通,轻巡炮,穿甲弹,皇家,,,,,,,,,,,,,,,,
22240,三联装152mm主炮(皇家),T3,精锐,轻巡炮,穿甲弹,皇家,,,,,,,,,,,,,,,,
22260,试作型三联装152mm主炮,T0,超稀有,轻巡炮,穿甲弹,皇家,海王星炮,,,,,,,,,,,,,,,
22280,试作型四联装152mm主炮,T0,海上传奇,轻巡炮,穿甲弹,皇家,4152,,,,,,,,,,,,,,,
32000,140mm单装炮,T1,普通,轻巡炮,通常弹,重樱,,,,,,,,,,,,,,,,
32020,140mm单装炮,T2,普通,轻巡炮,通常弹,重樱,,,,,,,,,,,,,,,,
32040,140mm单装炮,T3,稀有,轻巡炮,高爆弹,重樱,,,,,,,,,,,,,,,,
32060,152mm单装炮,T3,稀有,轻巡炮,高爆弹,重樱,,,,,,,,,,,,,,,,
32100,140mm连装炮,T1,普通,轻巡炮,通常弹,重樱,,,,,,,,,,,,,,,,
32120,140mm连装炮,T2,稀有,轻巡炮,高爆弹,重樱,,,,,,,,,,,,,,,,
32140,140mm连装炮,T3,精锐,轻巡炮,高爆弹,重樱,,,,,,,,,,,,,,,,
32200,155mm三连装炮,T1,稀有,轻巡炮,通常弹,重樱,,,,,,,,,,,,,,,,
32220,155mm三连装炮,T2,精锐,轻巡炮,高爆弹,重樱,,,,,,,,,,,,,,,,
32240,155mm三连装炮,T3,超稀有,轻巡炮,高爆弹,重樱,贝爷炮,,,,,,,,,,,,,,,
32260,试作型155mm三连装炮改,T0,超稀有,轻巡炮,高爆弹,重樱,贝爷炮・改,,,,,,,,,,,,,,,
32300,152mm连装炮,T1,普通,轻巡炮,通常弹,重樱,,,,,,,,,,,,,,,,
32320,152mm连装炮,T2,稀有,轻巡炮,高爆弹,重樱,,,,,,,,,,,,,,,,
32340,152mm连装炮,T3,精锐,轻巡炮,高爆弹,重樱,,,,,,,,,,,,,,,,
42000,单装SKC28式150mm主炮,T1,普通,轻巡炮,穿甲弹,铁血,,,,,,,,,,,,,,,,
42020,单装SKC28式150mm主炮,T2,稀有,轻巡炮,穿甲弹,铁血,,,,,,,,,,,,,,,,
42040,单装SKC28式150mm主炮,T3,精锐,轻巡炮,穿甲弹,铁血,针管炮,,,,,,,,,,,,,,,
42060,双联装SKC28式150mm副炮,T0,精锐,轻巡炮,穿甲弹,铁血,,,,,,,,,,,,,,,,
42080,试作型双联装SKC28式150mm主炮改,T0,超稀有,轻巡炮,穿甲弹,铁血,,,,,,,,,,,,,,,,
42100,三联装SKC25式150mm主炮,T1,普通,轻巡炮,穿甲弹,铁血,,,,,,,,,,,,,,,,
42120,三联装SKC25式150mm主炮,T2,稀有,轻巡炮,穿甲弹,铁血,,,,,,,,,,,,,,,,
42140,三联装SKC25式150mm主炮,T3,精锐,轻巡炮,穿甲弹,铁血,,,,,,,,,,,,,,,,
42200,双联装TbtsKC36式150mm主炮,T1,普通,轻巡炮,穿甲弹,铁血,,,,,,,,,,,,,,,,
42220,双联装TbtsKC36式150mm主炮,T2,稀有,轻巡炮,穿甲弹,铁血,,,,,,,,,,,,,,,,
42240,双联装TbtsKC36式150mm主炮,T3,精锐,轻巡炮,穿甲弹,铁血,,,,,,,,,,,,,,,,
42300,单装TbtsKC36式150mm主炮,T1,普通,轻巡炮,穿甲弹,铁血,,,,,,,,,,,,,,,,
42340,单装TbtsKC36式150mm主炮,T3,精锐,轻巡炮,穿甲弹,铁血,,,,,,,,,,,,,,,,
85120,B-38 三联装152mm主炮MK-5,T1,稀有,轻巡炮,通常弹,北方联合,,,,,,,,,,,,,,,,
85140,B-38 三联装152mm主炮MK-5,T2,精锐,轻巡炮,高爆弹,北方联合,,,,,,,,,,,,,,,,
85160,B-38 三联装152mm主炮MK-5,T3,超稀有,轻巡炮,高爆弹,北方联合,恰巴耶夫炮,,,,,,,,,,,,,,,
85440,双联装152mm主炮Model1892,T3,稀有,轻巡炮,通常弹,北方联合,,,,,,,,,,,,,,,,
85460,B-1-P 三联装180mm主炮Model1932,T1,稀有,轻巡炮,穿甲弹,北方联合,,,,,,,,,,,,,,,,
90200,三联装152mm主炮Mle1930,T1,普通,轻巡炮,通常弹,自由鸢尾,,,,,,,,,,,,,,,,
90240,三联装152mm主炮Mle1930,T3,稀有,轻巡炮,穿甲弹,自由鸢尾,,,,,,,,,,,,,,,,
90780,双联装155mm主炮Mle1920,T0,稀有,轻巡炮,通常弹,自由鸢尾,,,,,,,,,,,,,,,,
90800,单装155mm副炮Mle1920,T0,稀有,轻巡炮,通常弹,自由鸢尾,,,,,,,,,,,,,,,,
95600,三联装152mm主炮Model1934,T1,稀有,轻巡炮,穿甲弹,撒丁帝国,,,,,,,,,,,,,,,,
95640,三联装152mm主炮Model1934,T3,超稀有,轻巡炮,穿甲弹,撒丁帝国,阿布鲁齐炮,,,,,,,,,,,,,,,
3680,12磅长管炮,T1,稀有,驱逐炮,通常弹,飓风,,,,,,,,,,,,,,,,
3720,12磅长管炮,T3,超稀有,驱逐炮,通常弹,飓风,,,,,,,,,,,,,,,,
7220,130mm单装炮,T2,稀有,驱逐炮,通常弹,北方联合,,,,,,,,,,,,,,,,
7240,130mm单装炮,T3,精锐,驱逐炮,高爆弹,北方联合,,,,,,,,,,,,,,,,
7320,四联装130mm副炮Mle1932,T0,稀有,驱逐炮,通常弹,自由鸢尾,,,,,,,,,,,,,,,,
11000,76mm火炮,T1,普通,驱逐炮,通常弹,白鹰,,,,,,,,,,,,,,,,
11020,76mm火炮,T2,普通,驱逐炮,通常弹,白鹰,,,,,,,,,,,,,,,,
11040,76mm火炮,T3,稀有,驱逐炮,通常弹,白鹰,,,,,,,,,,,,,,,,
11060,127mm单装炮早期型,T0,稀有,驱逐炮,通常弹,白鹰,,,,,,,,,,,,,,,,
11100,127mm单装炮,T1,普通,驱逐炮,通常弹,白鹰,,,,,,,,,,,,,,,,
11120,127mm单装炮,T2,稀有,驱逐炮,通常弹,白鹰,,,,,,,,,,,,,,,,
11140,127mm单装炮,T3,精锐,驱逐炮,高爆弹,白鹰,,,,,,,,,,,,,,,,
11160,双联装127mm副炮,T0,精锐,驱逐炮,高爆弹,白鹰,,,,,,,,,,,,,,,,
11200,双联装127mm高平两用炮Mk12,T1,稀有,驱逐炮,通常弹,白鹰,,,,,,,,,,,,,,,,
11220,双联装127mm高平两用炮Mk12,T2,精锐,驱逐炮,高爆弹,白鹰,,,,,,,,,,,,,,,,
11240,双联装127mm高平两用炮Mk12,T3,超稀有,驱逐炮,高爆弹,白鹰,高平炮,,,,,,,,,,,,,,,
21000,单装102mm副炮,T1,普通,驱逐炮,通常弹,皇家,,,,,,,,,,,,,,,,
21020,单装102mm副炮,T2,普通,驱逐炮,通常弹,皇家,,,,,,,,,,,,,,,,
21040,单装102mm副炮,T3,稀有,驱逐炮,通常弹,皇家,,,,,,,,,,,,,,,,
21100,双联装102mm副炮,T1,普通,驱逐炮,通常弹,皇家,,,,,,,,,,,,,,,,
21120,双联装102mm副炮,T2,普通,驱逐炮,通常弹,皇家,,,,,,,,,,,,,,,,
21140,双联装102mm副炮,T3,稀有,驱逐炮,通常弹,皇家,,,,,,,,,,,,,,,,
21160,双联装102mm副炮Mark XVI,T0,精锐,驱逐炮,通常弹,皇家,,,,,,,,,,,,,,,,
21200,三联装102mm副炮,T1,普通,驱逐炮,通常弹,皇家,,,,,,,,,,,,,,,,
21220,三联装102mm副炮,T2,稀有,驱逐炮,通常弹,皇家,,,,,,,,,,,,,,,,
21240,三联装102mm副炮,T3,精锐,驱逐炮,通常弹,皇家,,,,,,,,,,,,,,,,
21300,120mm单装炮(皇家),T1,普通,驱逐炮,通常弹,皇家,,,,,,,,,,,,,,,,
21320,120mm单装炮(皇家),T2,普通,驱逐炮,通常弹,皇家,,,,,,,,,,,,,,,,
21340,120mm单装炮(皇家),T3,稀有,驱逐炮,通常弹,皇家,,,,,,,,,,,,,,,,
21400,双联装120mm主炮(皇家),T1,普通,驱逐炮,通常弹,皇家,,,,,,,,,,,,,,,,
21420,双联装120mm主炮(皇家),T2,稀有,驱逐炮,通常弹,皇家,,,,,,,,,,,,,,,,
21440,双联装120mm主炮(皇家),T3,精锐,驱逐炮,通常弹,皇家,,,,,,,,,,,,,,,,
21460,双联装120mm高平两用炮Mark XI,T0,超稀有,驱逐炮,通常弹,皇家,120,,,,,,,,,,,,,,,
21500,双联装134mm高炮,T1,普通,驱逐炮,通常弹,皇家,,,,,,,,,,,,,,,,
21520,双联装134mm高炮,T2,稀有,驱逐炮,穿甲弹,皇家,,,,,,,,,,,,,,,,
21540,双联装134mm高炮,T3,精锐,驱逐炮,穿甲弹,皇家,,,,,,,,,,,,,,,,
21600,双联装114mm高平两用炮Mark IV,T0,超稀有,驱逐炮,通常弹,皇家,114,,,,,,,,,,,,,,,
31000,双联100mm98式高射炮,T1,稀有,驱逐炮,通常弹,重樱,,,,,,,,,,,,,,,,
31020,双联100mm98式高射炮,T2,精锐,驱逐炮,通常弹,重樱,,,,,,,,,,,,,,,,
31040,双联100mm98式高射炮,T3,超稀有,驱逐炮,通常弹,重樱,秋月炮,,,,,,,,,,,,,,,
31060,100mm88式火炮,T0,精锐,驱逐炮,通常弹,重樱,,,,,,,,,,,,,,,,
31100,120mm单装炮(重樱),T1,普通,驱逐炮,通常弹,重樱,,,,,,,,,,,,,,,,
31120,120mm单装炮(重樱),T2,普通,驱逐炮,通常弹,重樱,,,,,,,,,,,,,,,,
31140,120mm单装炮(重樱),T3,稀有,驱逐炮,通常弹,重樱,,,,,,,,,,,,,,,,
31160,十一年式120mm单装炮,T0,稀有,驱逐炮,通常弹,重樱,,,,,,,,,,,,,,,,
31180,120mm单装高角炮,T0,精锐,驱逐炮,通常弹,重樱,,,,,,,,,,,,,,,,
31200,127mm连装炮,T1,普通,驱逐炮,通常弹,重樱,,,,,,,,,,,,,,,,
31220,127mm连装炮,T2,稀有,驱逐炮,通常弹,重樱,,,,,,,,,,,,,,,,
31240,127mm连装炮,T3,精锐,驱逐炮,高爆弹,重樱,,,,,,,,,,,,,,,,
31260,127mm单装两用炮,T0,稀有,驱逐炮,通常弹,重樱,,,,,,,,,,,,,,,,
31280,127mm连装炮改,T0,精锐,驱逐炮,高爆弹,重樱,,,,,,,,,,,,,,,,
41000,单装127mm主炮,T1,普通,驱逐炮,穿甲弹,铁血,,,,,,,,,,,,,,,,
41020,单装127mm主炮,T2,普通,驱逐炮,穿甲弹,铁血,,,,,,,,,,,,,,,,
41040,单装127mm主炮,T3,稀有,驱逐炮,穿甲弹,铁血,,,,,,,,,,,,,,,,
41060,双联装127mmKM40主炮,T0,精锐,驱逐炮,穿甲弹,铁血,,,,,,,,,,,,,,,,
41100,双联装128mmSKC41高平两用炮,T1,普通,驱逐炮,穿甲弹,铁血,,,,,,,,,,,,,,,,
41120,双联装128mmSKC41高平两用炮,T2,稀有,驱逐炮,穿甲弹,铁血,,,,,,,,,,,,,,,,
41140,双联装128mmSKC41高平两用炮,T3,精锐,驱逐炮,穿甲弹,铁血,,,,,,,,,,,,,,,,
41160,双联装128mmSKC41高平两用炮改,T0,超稀有,驱逐炮,穿甲弹,铁血,128,,,,,,,,,,,,,,,
85000,B-13 双联装130mm主炮B-2LM,T1,稀有,驱逐炮,通常弹,北方联合,塔什干炮,,,,,,,,,,,,,,,
85040,B-13 双联装130mm主炮B-2LM,T3,超稀有,驱逐炮,通常弹,北方联合,,,,,,,,,,,,,,,,
90000,130mm单装炮Mle1924,T1,普通,驱逐炮,通常弹,自由鸢尾,,,,,,,,,,,,,,,,
90040,130mm单装炮Mle1924,T3,稀有,驱逐炮,通常弹,自由鸢尾,,,,,,,,,,,,,,,,
90100,138.6mm单装炮Mle1929,T1,稀有,驱逐炮,通常弹,自由鸢尾,,,,,,,,,,,,,,,,
90120,138.6mm单装炮Mle1929,T2,精锐,驱逐炮,高爆弹,自由鸢尾,,,,,,,,,,,,,,,,
90140,138.6mm单装炮Mle1929,T3,超稀有,驱逐炮,高爆弹,自由鸢尾,凯旋炮,,,,,,,,,,,,,,,
90500,双联装130mm主炮Mle1935,T1,普通,驱逐炮,通常弹,自由鸢尾,,,,,,,,,,,,,,,,
90700,138.6mm单装炮Mle1927,T1,普通,驱逐炮,通常弹,自由鸢尾,,,,,,,,,,,,,,,,
90720,138.6mm单装炮Mle1927,T2,稀有,驱逐炮,通常弹,自由鸢尾,,,,,,,,,,,,,,,,
90740,138.6mm单装炮Mle1927,T3,精锐,驱逐炮,通常弹,自由鸢尾,,,,,,,,,,,,,,,,
95400,双联装120mm炮Model1936,T1,普通,驱逐炮,通常弹,撒丁帝国,,,,,,,,,,,,,,,,
95440,双联装120mm炮Model1936,T3,精锐,驱逐炮,通常弹,撒丁帝国,,,,,,,,,,,,,,,,
95460,双联装120mm炮Model1933,T0,稀有,驱逐炮,高爆弹,撒丁帝国,,,,,,,,,,,,,,,,
95560,双联装120mm主炮(撒丁),T1,普通,驱逐炮,通常弹,撒丁帝国,,,,,,,,,,,,,,,,
95920,双联装135mm主炮Model1938,T1,稀有,驱逐炮,通常弹,撒丁帝国,,,,,,,,,,,,,,,,
95940,双联装135mm主炮Model1938,T2,精锐,驱逐炮,半穿甲弹,撒丁帝国,,,,,,,,,,,,,,,,
95960,双联装135mm主炮Model1938,T3,超稀有,驱逐炮,半穿甲弹,撒丁帝国,,,,,,,,,,,,,,,,
96100,试作型双联装130mm主炮Model1936,T0,超稀有,驱逐炮,通常弹,东煌,哈尔滨炮,,,,,,,,,,,,,,,
500,小海狸中队队徽,T0,超稀有,设备,,白鹰,,1,2,3,4,5,6,7,8,10,12,13,17,18,19,22
520,珍珠之泪,T0,超稀有,设备,,白鹰,,1,2,3,4,5,6,7,8,10,12,13,17,18,19,22
540,治愈系猫爪,T0,超稀有,设备,,重樱,,1,2,3,4,5,6,7,8,10,12,13,17,18,19,22
560,“宁海号”水上侦察机,T0,精锐,设备,,东煌,,,2,3,,,,,,,,,,18,,
580,九一式穿甲弹,T0,精锐,设备,,重樱,,,,,4,5,,,,10,,,,,,
600,一式穿甲弹,T0,超稀有,设备,,重樱,,,,,4,5,,,,10,,,,,,
620,超重弹,T0,超稀有,设备,,白鹰,,,,,4,5,,,,10,,,,,,
640,Z旗,T0,海上传奇,设备,,重樱,,,,,4,5,,7,,10,,,,,,
660,100/150号航空燃油,T0,精锐,设备,,白鹰,,,,,,,6,7,,10,,,,,,
680,归航信标,T0,精锐,设备,,皇家,,,,,,,6,7,,10,,,,,,
700,九八式射击延迟装置,T0,精锐,设备,,重樱,,,,,4,5,,,,10,,13,,,,
720,约定的证明,T0,超稀有,设备,,铁血,,,,,4,5,,,8,,,,17,,,
740,Fl-282直升机,T0,精锐,直升机,,铁血,,,2,,,,,,,,,,,,,
760,侦察报告・纽约近海,T0,精锐,设备,,其他,,1,2,3,4,5,6,7,8,10,12,13,17,18,19,22
780,机密文件・极地海峡,T0,精锐,设备,,其他,,1,2,3,4,5,6,7,8,10,12,13,17,18,19,22
800,艇壳改良设计案,T2,精锐,设备,,铁血,,,,,,,,,8,,,,17,,,
820,开拓者奖章,T0,超稀有,设备,,其他,,,,,,,6,7,,,,,,,,
840,白鹰精英损管,T0,超稀有,设备,,白鹰,,1,2,3,4,5,6,7,8,10,12,13,17,18,19,22
860,华盛顿海军条约,T0,超稀有,设备,,其他,,1,2,3,4,5,6,7,8,10,12,13,17,18,19,22
880,纳尔逊的旗语,T0,超稀有,设备,,皇家,,,,,4,5,,,,10,,,,,,
940,作战报告：AF,T0,精锐,设备,,白鹰,,,,,,,,,,,,,,,,22
960,FuMO 25,T0,超稀有,设备,,铁血,,,2,3,4,5,,,,10,,13,,18,19,
980,机密文件・日志残卷,T0,精锐,设备,,北方联合,,1,2,3,4,5,6,7,8,10,12,13,17,18,19,22
1000,舰艇维修设备,T1,稀有,设备,,其他,,,,,,,,,,,12,,,,,
1020,舰艇维修设备,T2,精锐,设备,,其他,,,,,,,,,,,12,,,,,
1040,舰艇维修设备,T3,超稀有,设备,,其他,,,,,,,,,,,12,,,,,
1060,6CRH穿甲弹,T0,超稀有,设备,,皇家,,,,,4,5,,,,10,,13,,,,
1100,对空雷达,T1,普通,设备,,白鹰,,1,2,3,4,5,6,7,8,10,12,13,17,18,19,
1120,对空雷达,T2,稀有,设备,,白鹰,,1,2,3,4,5,6,7,8,10,12,13,17,18,19,
1140,对空雷达,T3,精锐,设备,,白鹰,,1,2,3,4,5,6,7,8,10,12,13,17,18,19,
1160,高性能对空雷达,T0,超稀有,设备,,皇家,,1,2,3,4,5,6,7,8,10,12,13,17,18,19,
1200,火控雷达,T1,普通,设备,,白鹰,,,,3,4,5,,,,10,,13,,18,19,
1220,火控雷达,T2,稀有,设备,,白鹰,,,,3,4,5,,,,10,,13,,18,19,
1240,火控雷达,T3,精锐,设备,,白鹰,,,,3,4,5,,,,10,,13,,18,19,
1260,高性能火控雷达,T0,超稀有,设备,,白鹰,,,,,4,5,,,,10,,13,,,,
1300,防鱼雷隔舱,T1,普通,设备,,其他,,,2,3,4,5,6,7,,10,12,13,,18,19,
1320,防鱼雷隔舱,T2,稀有,设备,,其他,,,2,3,4,5,6,7,,10,12,13,,18,19,
1340,防鱼雷隔舱,T3,精锐,设备,,其他,,,2,3,4,5,6,7,,10,12,13,,18,19,
1400,液压弹射装置,T1,稀有,设备,,其他,,,,,,,6,7,,10,,,,,,
1420,液压弹射装置,T2,精锐,设备,,其他,,,,,,,6,7,,10,,,,,,
1440,液压弹射装置,T3,超稀有,设备,,其他,,,,,,,6,7,,10,,,,,,
1500,SG雷达,T1,稀有,设备,,白鹰,,1,2,3,4,5,,12,8,10,,13,17,18,19,
1520,SG雷达,T2,精锐,设备,,白鹰,,1,2,3,4,5,,12,8,10,,13,17,18,19,
1540,SG雷达,T3,超稀有,设备,,白鹰,,1,2,3,4,5,,12,8,10,,13,17,18,19,
1600,电动扬弹机,T1,普通,设备,,其他,,1,2,3,4,5,,12,8,10,,13,17,18,19,
1620,电动扬弹机,T2,普通,设备,,其他,,1,2,3,4,5,,12,8,10,,13,17,18,19,
1640,电动扬弹机,T3,稀有,设备,,其他,,1,2,3,4,5,,12,8,10,,13,17,18,19,
1700,液压舵机,T1,普通,设备,,其他,,1,2,3,4,5,6,7,8,10,12,13,17,18,19,
1720,液压舵机,T2,普通,设备,,其他,,1,2,3,4,5,6,7,8,10,12,13,17,18,19,
1740,液压舵机,T3,稀有,设备,,其他,,1,2,3,4,5,6,7,8,10,12,13,17,18,19,
1760,高性能舵机,T0,超稀有,设备,,白鹰,,1,2,3,4,5,6,7,8,10,12,13,17,18,19,
1800,改良锅炉,T1,普通,设备,,其他,,1,2,3,4,5,6,7,8,10,12,13,17,18,19,
1820,改良锅炉,T2,稀有,设备,,其他,,1,2,3,4,5,6,7,8,10,12,13,17,18,19,
1840,改良锅炉,T3,精锐,设备,,其他,,1,2,3,4,5,6,7,8,10,12,13,17,18,19,
1900,海军迷彩,T1,普通,设备,,其他,,1,2,3,4,5,6,7,8,10,12,13,17,18,19,22
1920,海军迷彩,T2,普通,设备,,其他,,1,2,3,4,5,6,7,8,10,12,13,17,18,19,22
1940,海军迷彩,T3,稀有,设备,,其他,,1,2,3,4,5,6,7,8,10,12,13,17,18,19,22
1960,海魂迷彩,T0,精锐,设备,,北方联合,,1,2,3,4,5,6,7,8,10,12,13,17,18,19,22
2000,燃油滤清器,T1,普通,设备,,其他,,1,2,3,4,5,6,7,8,10,12,13,17,18,19,
2020,燃油滤清器,T2,稀有,设备,,其他,,1,2,3,4,5,6,7,8,10,12,13,17,18,19,
2040,燃油滤清器,T3,精锐,设备,,其他,,1,2,3,4,5,6,7,8,10,12,13,17,18,19,
2100,航空副油箱,T1,普通,设备,,其他,,,,,,,6,7,,10,,,,,,
2120,航空副油箱,T2,稀有,设备,,其他,,,,,,,6,7,,10,,,,,,
2140,航空副油箱,T3,精锐,设备,,其他,,,,,,,6,7,,10,,,,,,
2200,链式装弹机,T1,普通,设备,,其他,,1,2,3,4,5,,,8,10,12,13,17,18,19,
2220,链式装弹机,T2,稀有,设备,,其他,,1,2,3,4,5,,,8,10,12,13,17,18,19,
2240,链式装弹机,T3,精锐,设备,,其他,,1,2,3,4,5,,,8,10,12,13,17,18,19,
2300,陀螺仪,T1,普通,设备,,其他,,1,2,3,4,5,,,8,10,12,13,17,18,19,
2320,陀螺仪,T2,稀有,设备,,其他,,1,2,3,4,5,,,8,10,12,13,17,18,19,
2340,陀螺仪,T3,精锐,设备,,其他,,1,2,3,4,5,,,8,10,12,13,17,18,19,
2400,维修工具,T1,普通,设备,,其他,,1,2,3,4,5,6,7,8,10,12,13,17,18,19,22
2420,维修工具,T2,稀有,设备,,其他,,1,2,3,4,5,6,7,8,10,12,13,17,18,19,22
2440,维修工具,T3,精锐,设备,,其他,,1,2,3,4,5,6,7,8,10,12,13,17,18,19,22
2500,灭火器,T1,普通,设备,,其他,,1,2,3,4,5,6,7,8,10,12,13,17,18,19,22
2520,灭火器,T2,普通,设备,,其他,,1,2,3,4,5,6,7,8,10,12,13,17,18,19,22
2540,灭火器,T3,稀有,设备,,其他,,1,2,3,4,5,6,7,8,10,12,13,17,18,19,22
2600,九三式纯氧鱼雷,T1,精锐,设备,,重樱,,1,2,3,,,,,8,,,,17,18,,
2620,九三式纯氧鱼雷,T2,超稀有,设备,,重樱,,1,2,3,,,,,8,,,,17,18,,
2640,九三式纯氧鱼雷,T3,海上传奇,设备,,重樱,,1,2,3,,,,,8,,,,17,18,,
2740,533mm磁性鱼雷,T3,超稀有,设备,,铁血,,1,2,3,,,,,,,,,,18,,
2800,94式高射装置,T0,精锐,设备,,重樱,,1,2,3,4,5,6,7,8,10,12,13,17,18,19,
2900,基础声呐,T1,普通,设备,,其他,,1,2,,,,,,,,,,,,,
2920,基础声呐,T2,稀有,设备,,其他,,1,2,,,,,,,,,,,,,
2940,基础声呐,T3,精锐,设备,,其他,,1,2,,,,,,,,,,,,,
3000,改良声呐,T1,稀有,设备,,其他,,1,2,,,,,,,,,,,,,
3020,改良声呐,T2,精锐,设备,,其他,,1,2,,,,,,,,,,,,,
3040,改良声呐,T3,超稀有,设备,,其他,,1,2,,,,,,,,,,,,,
3100,高压氧气瓶,T0,精锐,设备,,其他,,,,,,,,,8,,,,17,,,
3120,改良型水下进气管,T0,超稀有,设备,,铁血,,,,,,,,,8,,,,17,,,
3140,改良蓄电池阵列,T0,超稀有,设备,,铁血,,,,,,,,,8,,,,17,,,
3200,VH装甲钢板,T0,超稀有,设备,,重樱,,,,,4,5,,7,,10,,,,18,,
3220,VC装甲钢板,T0,精锐,设备,,重樱,,,,,4,5,,7,,10,,,,18,,
3300,四神之印,T0,超稀有,设备,,东煌,,1,,,,,,,,,,,,,,
3400,“九四式40厘米炮”部件,T0,超稀有,货物,,重樱,,,,,,,,,,,,,,,19,
3500,兵装补给(航空),T0,精锐,货物,,其他,,,,,,,,,,,,,,,19,
3520,兵装补给(中小口径武器),T0,精锐,货物,,其他,,,,,,,,,,,,,,,19,
3540,兵装补给(鱼雷),T0,精锐,货物,,其他,,,,,,,,,,,,,,,19,
3560,破损的演讲稿,T0,精锐,设备,,皇家,,1,2,3,4,5,6,7,8,10,12,13,17,18,19,22
3580,海军部火控台,T0,海上传奇,设备,,皇家,,,,,4,5,,,,10,,13,,,,
3600,撒丁的邀请函,T0,精锐,设备,,撒丁帝国,,1,2,3,4,5,6,7,8,10,12,13,17,18,19,22
3620,结界通行凭证,T0,精锐,设备,,重樱,,1,2,3,4,5,6,7,8,10,12,13,17,18,19,22
3640,阿尔比恩的报告书,T0,精锐,设备,,皇家,,1,2,3,4,5,6,7,8,10,12,13,17,18,19,22
3660,小王冠,T0,超稀有,设备,,皇家,,1,,,,,,,,,,,,,,
3740,球形实心弹,T0,精锐,设备,,飓风,,,,,,,,,,,,,,,,22
3760,帆索组件,T0,精锐,设备,,飓风,,,,,,,,,,,,,,,,22
4000,基础深弹投射器,T1,普通,设备,,皇家,,1,2,,,,,,,,,,,,,
4020,基础深弹投射器,T2,普通,设备,,皇家,,1,2,,,,,,,,,,,,,
4040,基础深弹投射器,T3,稀有,设备,,皇家,,1,2,,,,,,,,,,,,,
4100,改良深弹投射器,T1,普通,设备,,白鹰,,1,2,,,,,,,,,,,,,
4120,改良深弹投射器,T2,稀有,设备,,白鹰,,1,2,,,,,,,,,,,,,
4140,改良深弹投射器,T3,精锐,设备,,白鹰,,1,2,,,,,,,,,,,,,
15500,PBY-5A卡特琳娜水上机,T0,精锐,设备,,白鹰,,1,2,3,,,,,,,,,,18,,
25800,刺猬弹,T0,超稀有,设备,,皇家,,1,2,,,,,,,,,,,,,
89000,随机单词生成器,T0,超稀有,设备,,KizunaAI,,1,2,3,4,5,6,7,8,10,12,13,17,18,19,22
89020,晃悠悠,T0,超稀有,设备,,KizunaAI,,1,2,3,4,5,6,7,8,10,12,13,17,18,19,22
89040,智慧模块,T0,超稀有,设备,,KizunaAI,,1,2,3,4,5,6,7,8,10,12,13,17,18,19,22
89060,组徽,T0,超稀有,设备,,Hololive,,1,2,3,4,5,6,7,8,10,12,13,17,18,19,22
89080,Gamers的证明,T0,超稀有,设备,,Hololive,,1,2,3,4,5,6,7,8,10,12,13,17,18,19,22
89100,玉米灯笼,T0,超稀有,设备,,Hololive,,1,2,3,4,5,6,7,8,10,12,13,17,18,19,22
89120,cK肝,T0,超稀有,设备,,Hololive,,1,2,3,4,5,6,7,8,10,12,13,17,18,19,22
89140,炽烈之歌,T0,超稀有,设备,,其他,,1,2,3,4,5,6,7,8,10,12,13,17,18,19,22
89160,活力之歌,T0,超稀有,设备,,其他,,1,2,3,4,5,6,7,8,10,12,13,17,18,19,22
89180,闪耀之歌,T0,超稀有,设备,,其他,,1,2,3,4,5,6,7,8,10,12,13,17,18,19,22
89200,引力舞鞋,T0,超稀有,设备,,其他,,1,2,3,4,5,6,7,8,10,12,13,17,18,19,22
89220,星云舞裙,T0,超稀有,设备,,其他,,1,2,3,4,5,6,7,8,10,12,13,17,18,19,22
89240,觉醒宝珠,T0,超稀有,设备,,维纳斯假期,,1,2,3,4,5,6,7,8,10,12,13,17,18,19,22
89260,心之钥匙,T0,超稀有,设备,,维纳斯假期,,1,2,3,4,5,6,7,8,10,12,13,17,18,19,22
89280,偶像手环,T0,超稀有,设备,,偶像大师,,1,2,3,4,5,6,7,8,10,12,13,17,18,19,22
89300,征战巨坦,T0,超稀有,设备,,SSSS,,1,2,3,4,5,6,7,8,10,12,13,17,18,19,22
89320,古立特圣剑,T0,超稀有,设备,,SSSS,,1,2,3,4,5,6,7,8,10,12,13,17,18,19,22
89340,爆裂钻孔机,T0,超稀有,设备,,SSSS,,1,2,3,4,5,6,7,8,10,12,13,17,18,19,22
89360,苍穹喷射机,T0,超稀有,设备,,SSSS,,1,2,3,4,5,6,7,8,10,12,13,17,18,19,22
89380,戴拿爆能加农,T0,超稀有,设备,,SSSS,,,,,4,5,3,,,10,,13,,18,19,
89400,煌翼炎龙,T0,超稀有,设备,,SSSS,,1,2,3,4,5,6,7,8,10,12,13,17,18,19,22
89420,炙烈炎烧,T0,超稀有,设备,,Atelier Ryza,,1,2,3,4,5,6,7,8,10,12,13,17,18,19,22
89440,结晶冰精,T0,超稀有,设备,,Atelier Ryza,,1,2,3,4,5,6,7,8,10,12,13,17,18,19,22
89460,震耳雷球,T0,超稀有,设备,,Atelier Ryza,,1,2,3,4,5,6,7,8,10,12,13,17,18,19,22
89480,涡旋风精,T0,超稀有,设备,,Atelier Ryza,,1,2,3,4,5,6,7,8,10,12,13,17,18,19,22
89500,万灵药剂,T0,超稀有,设备,,Atelier Ryza,,,,,,,6,7,,10,,,,,,
89520,神秘的羽衣,T0,超稀有,设备,,Atelier Ryza,,,,,,,6,7,,10,,,,,,
89540,默示录,T0,超稀有,设备,,Atelier Ryza,,,,,4,5,,,,10,,13,,,,
89560,Ｎ／Ａ,T0,超稀有,设备,,Atelier Ryza,,,,,4,5,,,,10,,13,,,,
89580,创世之槌,T0,超稀有,设备,,Atelier Ryza,,1,2,3,4,5,6,7,8,10,12,13,17,18,19,22
89600,泡云弹车,T0,超稀有,设备,,Atelier Ryza,,1,2,3,4,5,6,7,8,10,12,13,17,18,19,22
89620,形意口琴,T0,超稀有,设备,,Atelier Ryza,,1,2,3,4,5,6,7,8,10,12,13,17,18,19,22
91260,天使之羽,T0,超稀有,设备,,鸢尾教国,,,,,,,6,7,,10,,,,,,22
85060,100mm双联装防空炮SM-5-1s,T1,稀有,防空炮,,北方联合,,,,,,,,,,,,,,,,
36560,100mm连装高炮,T0,超稀有,防空炮,,重樱,,,,,,,,,,,,,,,,
26400,102mm高射炮,T1,普通,防空炮,,皇家,,,,,,,,,,,,,,,,
26420,102mm高射炮,T2,稀有,防空炮,,皇家,,,,,,,,,,,,,,,,
26440,102mm高射炮,T3,精锐,防空炮,,皇家,,,,,,,,,,,,,,,,
6000,12.7mm防空机枪,T1,普通,防空炮,,其他,,,,,,,,,,,,,,,,
6020,12.7mm防空机枪,T2,普通,防空炮,,其他,,,,,,,,,,,,,,,,
6040,12.7mm防空机枪,T3,稀有,防空炮,,其他,,,,,,,,,,,,,,,,
26460,120mm高射炮Mark VIII,T0,精锐,防空炮,,皇家,,,,,,,,,,,,,,,,
36600,127mm连装高射炮,T1,普通,防空炮,,重樱,,,,,,,,,,,,,,,,
36620,127mm连装高射炮,T2,稀有,防空炮,,重樱,,,,,,,,,,,,,,,,
36640,127mm连装高射炮,T3,精锐,防空炮,,重樱,,,,,,,,,,,,,,,,
36720,127mm连装高角炮改(定时引信),T0,超稀有,防空炮,,重樱,,,,,,,,,,,,,,,,
36660,127mm连装高角炮改,T0,超稀有,防空炮,,重樱,,,,,,,,,,,,,,,,
26360,20mm厄利孔高射炮Mark II,T0,精锐,防空炮,,皇家,,,,,,,,,,,,,,,,
16000,20mm厄利孔高射炮,T1,普通,防空炮,,白鹰,,,,,,,,,,,,,,,,
16020,20mm厄利孔高射炮,T2,普通,防空炮,,白鹰,,,,,,,,,,,,,,,,
16040,20mm厄利孔高射炮,T3,稀有,防空炮,,白鹰,,,,,,,,,,,,,,,,
36300,25mm三连装高射机枪,T1,普通,防空炮,,重樱,,,,,,,,,,,,,,,,
36320,25mm三连装高射机枪,T2,稀有,防空炮,,重樱,,,,,,,,,,,,,,,,
36340,25mm三连装高射机枪,T3,精锐,防空炮,,重樱,,,,,,,,,,,,,,,,
36200,25mm连装高射机枪,T1,普通,防空炮,,重樱,,,,,,,,,,,,,,,,
36220,25mm连装高射机枪,T2,稀有,防空炮,,重樱,,,,,,,,,,,,,,,,
36240,25mm连装高射机枪,T3,精锐,防空炮,,重樱,,,,,,,,,,,,,,,,
36100,25mm高射机枪,T1,普通,防空炮,,重樱,,,,,,,,,,,,,,,,
36120,25mm高射机枪,T2,普通,防空炮,,重樱,,,,,,,,,,,,,,,,
36140,25mm高射机枪,T3,稀有,防空炮,,重樱,,,,,,,,,,,,,,,,
46100,37mm机枪,T1,普通,防空炮,,铁血,,,,,,,,,,,,,,,,
46120,37mm机枪,T2,普通,防空炮,,铁血,,,,,,,,,,,,,,,,
46140,37mm机枪,T3,稀有,防空炮,,铁血,,,,,,,,,,,,,,,,
85200,37mm防空炮70-K,T2,稀有,防空炮,,北方联合,,,,,,,,,,,,,,,,
85220,37mm防空炮70-K,T3,精锐,防空炮,,北方联合,,,,,,,,,,,,,,,,
90560,37mm高射炮Mle1925,T3,稀有,防空炮,,自由鸢尾,,,,,,,,,,,,,,,,
26300,76mm高射炮(白鹰),T1,普通,防空炮,,白鹰,,,,,,,,,,,,,,,,
26320,76mm高射炮(白鹰),T2,稀有,防空炮,,白鹰,,,,,,,,,,,,,,,,
26340,76mm高射炮(白鹰),T3,精锐,防空炮,,白鹰,,,,,,,,,,,,,,,,
36500,76mm高射炮(重樱),T1,普通,防空炮,,重樱,,,,,,,,,,,,,,,,
36540,76mm高射炮(重樱),T3,精锐,防空炮,,重樱,,,,,,,,,,,,,,,,
16060,76mm高射炮改进型,T0,精锐,防空炮,,白鹰,,,,,,,,,,,,,,,,
36580,80mm高射炮,T0,精锐,防空炮,,重樱,,,,,,,,,,,,,,,,
95100,90mm单装高角炮Model1939,T1,稀有,防空炮,,撒丁帝国,,,,,,,,,,,,,,,,
95120,90mm单装高角炮Model1939,T2,精锐,防空炮,,撒丁帝国,,,,,,,,,,,,,,,,
95140,90mm单装高角炮Model1939,T3,超稀有,防空炮,,撒丁帝国,,,,,,,,,,,,,,,,
85360,B-34 100mm双联装防空炮MZ-14,T1,普通,防空炮,,北方联合,,,,,,,,,,,,,,,,
85380,B-34 100mm双联装防空炮MZ-14,T2,稀有,防空炮,,北方联合,,,,,,,,,,,,,,,,
85400,B-34 100mm双联装防空炮MZ-14,T3,精锐,防空炮,,北方联合,,,,,,,,,,,,,,,,
85260,B-54 100mm双联装防空炮,T2,稀有,防空炮,,北方联合,,,,,,,,,,,,,,,,
85280,B-54 100mm双联装防空炮,T3,精锐,防空炮,,北方联合,,,,,,,,,,,,,,,,
36360,九六式25mm三连装暴风避盾机炮,T0,超稀有,防空炮,,重樱,,,,,,,,,,,,,,,,
26200,八联装40mm“砰砰”炮,T1,稀有,防空炮,,皇家,,,,,,,,,,,,,,,,
26220,八联装40mm“砰砰”炮,T2,精锐,防空炮,,皇家,,,,,,,,,,,,,,,,
26240,八联装40mm“砰砰”炮,T3,超稀有,防空炮,,皇家,,,,,,,,,,,,,,,,
26660,六联装40mm博福斯对空机炮,T0,超稀有,防空炮,,皇家,,,,,,,,,,,,,,,,
16100,双管20mm厄利孔高射炮,T1,普通,防空炮,,白鹰,,,,,,,,,,,,,,,,
16120,双管20mm厄利孔高射炮,T2,稀有,防空炮,,白鹰,,,,,,,,,,,,,,,,
16140,双管20mm厄利孔高射炮,T3,精锐,防空炮,,白鹰,,,,,,,,,,,,,,,,
46300,双联105mmSKC高炮,T1,稀有,防空炮,,铁血,,,,,,,,,,,,,,,,
46320,双联105mmSKC高炮,T2,精锐,防空炮,,铁血,,,,,,,,,,,,,,,,
46340,双联105mmSKC高炮,T3,超稀有,防空炮,,铁血,,,,,,,,,,,,,,,,
46380,双联105mmSKC高炮改进型(定时引信),T0,超稀有,防空炮,,铁血,,,,,,,,,,,,,,,,
46360,双联105mmSKC高炮改进型,T0,超稀有,防空炮,,铁血,,,,,,,,,,,,,,,,
46260,双联37mm Flak M43机枪,T0,精锐,防空炮,,铁血,,,,,,,,,,,,,,,,
46200,双联37mm手拉机枪,T1,普通,防空炮,,铁血,,,,,,,,,,,,,,,,
46220,双联37mm手拉机枪,T2,稀有,防空炮,,铁血,,,,,,,,,,,,,,,,
46240,双联37mm手拉机枪,T3,精锐,防空炮,,铁血,,,,,,,,,,,,,,,,
95500,双联37mm机枪Model1932,T1,普通,防空炮,,撒丁帝国,,,,,,,,,,,,,,,,
95520,双联37mm机枪Model1932,T2,稀有,防空炮,,撒丁帝国,,,,,,,,,,,,,,,,
95540,双联37mm机枪Model1932,T3,精锐,防空炮,,撒丁帝国,,,,,,,,,,,,,,,,
90580,双联37mm高射炮Mle1933,T3,精锐,防空炮,,自由鸢尾,,,,,,,,,,,,,,,,
90600,双联37mm高射炮Mle1936,T0,超稀有,防空炮,,自由鸢尾,,,,,,,,,,,,,,,,
16300,双联40mm博福斯对空机炮,T1,普通,防空炮,,白鹰,,,,,,,,,,,,,,,,
16320,双联40mm博福斯对空机炮,T2,稀有,防空炮,,白鹰,,,,,,,,,,,,,,,,
16340,双联40mm博福斯对空机炮,T3,精锐,防空炮,,白鹰,,,,,,,,,,,,,,,,
6140,双联装100mm高炮,T3,稀有,防空炮,,自由鸢尾,,,,,,,,,,,,,,,,
26500,双联装113mm高射炮,T1,稀有,防空炮,,皇家,,,,,,,,,,,,,,,,
26520,双联装113mm高射炮,T2,精锐,防空炮,,皇家,,,,,,,,,,,,,,,,
26540,双联装113mm高射炮,T3,超稀有,防空炮,,皇家,,,,,,,,,,,,,,,,
16460,双联装127mm高平两用炮Mk12(定时引信),T0,超稀有,防空炮,,白鹰,,,,,,,,,,,,,,,,
26680,双联装134mm高炮(定时引信),T0,超稀有,防空炮,,皇家,,,,,,,,,,,,,,,,
26640,双联装134mm高炮,T0,超稀有,防空炮,,皇家,,,,,,,,,,,,,,,,
26000,双联装40mm“砰砰”炮,T1,普通,防空炮,,皇家,,,,,,,,,,,,,,,,
26020,双联装40mm“砰砰”炮,T2,普通,防空炮,,皇家,,,,,,,,,,,,,,,,
26040,双联装40mm“砰砰”炮,T3,稀有,防空炮,,皇家,,,,,,,,,,,,,,,,
26600,双联装40mm博福斯STAAG,T0,超稀有,防空炮,,皇家,,,,,,,,,,,,,,,,
26060,双联装40mm博福斯对空机炮Mark I,T0,精锐,防空炮,,皇家,,,,,,,,,,,,,,,,
26620,双联装40mm博福斯海兹梅耶,T0,超稀有,防空炮,,皇家,,,,,,,,,,,,,,,,
90620,双联装57mm/L60博福斯对空机炮Mle1951,T0,海上传奇,防空炮,,自由鸢尾,,,,,,,,,,,,,,,,
16080,双联装76mmRF火炮Mk27,T0,超稀有,防空炮,,白鹰,,,,,,,,,,,,,,,,
46060,双联装88mmSKC32高炮,T0,精锐,防空炮,,铁血,,,,,,,,,,,,,,,,
16400,四联40mm博福斯对空机炮,T1,稀有,防空炮,,白鹰,,,,,,,,,,,,,,,,
16420,四联40mm博福斯对空机炮,T2,精锐,防空炮,,白鹰,,,,,,,,,,,,,,,,
16440,四联40mm博福斯对空机炮,T3,超稀有,防空炮,,白鹰,,,,,,,,,,,,,,,,
46000,四联装20mm MG机枪,T1,普通,防空炮,,铁血,,,,,,,,,,,,,,,,
46020,四联装20mm MG机枪,T2,普通,防空炮,,铁血,,,,,,,,,,,,,,,,
46040,四联装20mm MG机枪,T3,稀有,防空炮,,铁血,,,,,,,,,,,,,,,,
16160,四联装20mm厄利孔高射炮Mk15,T0,精锐,防空炮,,白鹰,,,,,,,,,,,,,,,,
16200,四联装28mm“芝加哥钢琴”,T1,普通,防空炮,,白鹰,,,,,,,,,,,,,,,,
16220,四联装28mm“芝加哥钢琴”,T2,稀有,防空炮,,白鹰,,,,,,,,,,,,,,,,
16240,四联装28mm“芝加哥钢琴”,T3,精锐,防空炮,,白鹰,,,,,,,,,,,,,,,,
26100,四联装40mm“砰砰”炮,T1,普通,防空炮,,皇家,,,,,,,,,,,,,,,,
26120,四联装40mm“砰砰”炮,T2,稀有,防空炮,,皇家,,,,,,,,,,,,,,,,
26140,四联装40mm“砰砰”炮,T3,精锐,防空炮,,皇家,,,,,,,,,,,,,,,,
36400,呈40mm连装机枪,T1,普通,防空炮,,重樱,,,,,,,,,,,,,,,,
36420,呈40mm连装机枪,T2,稀有,防空炮,,重樱,,,,,,,,,,,,,,,,
36440,呈40mm连装机枪,T3,精锐,防空炮,,重樱,,,,,,,,,,,,,,,,
36700,试作型五式40mm高射机关炮,T0,超稀有,防空炮,,重樱,,,,,,,,,,,,,,,,
95160,试作型双联90mm高角炮Model1939,T0,超稀有,防空炮,,撒丁帝国,,,,,,,,,,,,,,,,
46400,试作型四联装30mm机炮,T0,超稀有,防空炮,,铁血,,,,,,,,,,,,,,,,
96000,上游-1,T0,超稀有,导弹,,东煌,,,,,,,,,,,,,,,,
45000,三联装533mm磁性鱼雷,T1,普通,水面鱼雷,声导,铁血,,,,,,,,,,,,,,,,
45020,三联装533mm磁性鱼雷,T2,稀有,水面鱼雷,声导,铁血,,,,,,,,,,,,,,,,
45040,三联装533mm磁性鱼雷,T3,精锐,水面鱼雷,声导,铁血,,,,,,,,,,,,,,,,
25000,三联装533mm鱼雷Mark IX,T0,稀有,水面鱼雷,通常,皇家,,,,,,,,,,,,,,,,
15200,三联装533mm鱼雷Mk17,T0,稀有,水面鱼雷,通常,白鹰,,,,,,,,,,,,,,,,
5000,三联装533mm鱼雷,T1,普通,水面鱼雷,通常,其他,,,,,,,,,,,,,,,,
5020,三联装533mm鱼雷,T2,普通,水面鱼雷,通常,其他,,,,,,,,,,,,,,,,
5040,三联装533mm鱼雷,T3,稀有,水面鱼雷,通常,其他,,,,,,,,,,,,,,,,
5400,三联装550mm鱼雷,T1,普通,水面鱼雷,通常,自由鸢尾,,,,,,,,,,,,,,,,
5440,三联装550mm鱼雷,T3,精锐,水面鱼雷,通常,自由鸢尾,,,,,,,,,,,,,,,,
35100,三联装610mm鱼雷,T1,普通,水面鱼雷,通常,重樱,,,,,,,,,,,,,,,,
35120,三联装610mm鱼雷,T2,稀有,水面鱼雷,通常,重樱,,,,,,,,,,,,,,,,
35140,三联装610mm鱼雷,T3,精锐,水面鱼雷,通常,重樱,,,,,,,,,,,,,,,,
35160,三联装610mm鱼雷改,T3,精锐,水面鱼雷,通常,重樱,,,,,,,,,,,,,,,,
45200,五联装533mm磁性鱼雷,T1,精锐,水面鱼雷,声导,铁血,,,,,,,,,,,,,,,,
45220,五联装533mm磁性鱼雷,T2,超稀有,水面鱼雷,声导,铁血,,,,,,,,,,,,,,,,
45240,五联装533mm磁性鱼雷,T3,海上传奇,水面鱼雷,声导,铁血,,,,,,,,,,,,,,,,
25040,五联装533mm鱼雷Mark IX,T0,超稀有,水面鱼雷,通常,皇家,,,,,,,,,,,,,,,,
15240,五联装533mm鱼雷Mk17,T0,超稀有,水面鱼雷,通常,白鹰,,,,,,,,,,,,,,,,
5200,五联装533mm鱼雷,T1,稀有,水面鱼雷,通常,其他,,,,,,,,,,,,,,,,
5220,五联装533mm鱼雷,T2,精锐,水面鱼雷,通常,其他,,,,,,,,,,,,,,,,
5240,五联装533mm鱼雷,T3,超稀有,水面鱼雷,通常,其他,,,,,,,,,,,,,,,,
35340,五联装610mm鱼雷,T0,海上传奇,水面鱼雷,通常,重樱,,,,,,,,,,,,,,,,
5300,双联装550mm鱼雷,T1,普通,水面鱼雷,通常,自由鸢尾,,,,,,,,,,,,,,,,
5340,双联装550mm鱼雷,T3,稀有,水面鱼雷,通常,自由鸢尾,,,,,,,,,,,,,,,,
35000,双联装610mm鱼雷,T1,普通,水面鱼雷,通常,重樱,,,,,,,,,,,,,,,,
35020,双联装610mm鱼雷,T2,普通,水面鱼雷,通常,重樱,,,,,,,,,,,,,,,,
35040,双联装610mm鱼雷,T3,稀有,水面鱼雷,通常,重樱,,,,,,,,,,,,,,,,
45100,四联装533mm磁性鱼雷,T1,稀有,水面鱼雷,声导,铁血,,,,,,,,,,,,,,,,
45120,四联装533mm磁性鱼雷,T2,精锐,水面鱼雷,声导,铁血,,,,,,,,,,,,,,,,
45140,四联装533mm磁性鱼雷,T3,超稀有,水面鱼雷,声导,铁血,,,,,,,,,,,,,,,,
25020,四联装533mm鱼雷Mark IX,T0,精锐,水面鱼雷,通常,皇家,,,,,,,,,,,,,,,,
15220,四联装533mm鱼雷Mk17,T0,精锐,水面鱼雷,通常,白鹰,,,,,,,,,,,,,,,,
5100,四联装533mm鱼雷,T1,普通,水面鱼雷,通常,其他,,,,,,,,,,,,,,,,
5120,四联装533mm鱼雷,T2,稀有,水面鱼雷,通常,其他,,,,,,,,,,,,,,,,
5140,四联装533mm鱼雷,T3,精锐,水面鱼雷,通常,其他,,,,,,,,,,,,,,,,
35200,四联装610mm鱼雷,T1,稀有,水面鱼雷,通常,重樱,,,,,,,,,,,,,,,,
35220,四联装610mm鱼雷,T2,精锐,水面鱼雷,通常,重樱,,,,,,,,,,,,,,,,
35240,四联装610mm鱼雷,T3,超稀有,水面鱼雷,通常,重樱,,,,,,,,,,,,,,,,
35260,四联装610mm鱼雷改,T0,超稀有,水面鱼雷,通常,重樱,,,,,,,,,,,,,,,,
95700,潜艇用533mm鱼雷Si 270,T1,稀有,潜艇鱼雷,通常,撒丁帝国,,,,,,,,,,,,,,,,
5500,潜艇用550mm24V鱼雷,T1,普通,潜艇鱼雷,通常,自由鸢尾,,,,,,,,,,,,,,,,
5520,潜艇用550mm24V鱼雷,T2,稀有,潜艇鱼雷,通常,自由鸢尾,,,,,,,,,,,,,,,,
5540,潜艇用550mm24V鱼雷,T3,精锐,潜艇鱼雷,通常,自由鸢尾,,,,,,,,,,,,,,,,
35400,潜艇用92式潜射鱼雷,T1,普通,潜艇鱼雷,通常,重樱,,,,,,,,,,,,,,,,
35420,潜艇用92式潜射鱼雷,T2,稀有,潜艇鱼雷,通常,重樱,,,,,,,,,,,,,,,,
35440,潜艇用92式潜射鱼雷,T3,精锐,潜艇鱼雷,通常,重樱,,,,,,,,,,,,,,,,
35460,潜艇用92式潜射鱼雷改,T0,精锐,潜艇鱼雷,通常,重樱,,,,,,,,,,,,,,,,
35500,潜艇用95式纯氧鱼雷,T1,稀有,潜艇鱼雷,通常,重樱,,,,,,,,,,,,,,,,
35520,潜艇用95式纯氧鱼雷,T2,精锐,潜艇鱼雷,通常,重樱,,,,,,,,,,,,,,,,
35540,潜艇用95式纯氧鱼雷,T3,超稀有,潜艇鱼雷,通常,重樱,,,,,,,,,,,,,,,,
35580,潜艇用95式纯氧鱼雷改,T0,海上传奇,潜艇鱼雷,通常,重樱,,,,,,,,,,,,,,,,
35560,潜艇用96式纯氧鱼雷,T3,超稀有,潜艇鱼雷,通常,重樱,,,,,,,,,,,,,,,,
45300,潜艇用G7a鱼雷,T1,普通,潜艇鱼雷,通常,铁血,,,,,,,,,,,,,,,,
45320,潜艇用G7a鱼雷,T2,稀有,潜艇鱼雷,通常,铁血,,,,,,,,,,,,,,,,
45340,潜艇用G7a鱼雷,T3,精锐,潜艇鱼雷,通常,铁血,,,,,,,,,,,,,,,,
45400,潜艇用G7e声导鱼雷,T1,稀有,潜艇鱼雷,声导,铁血,,,,,,,,,,,,,,,,
45420,潜艇用G7e声导鱼雷,T2,精锐,潜艇鱼雷,声导,铁血,,,,,,,,,,,,,,,,
45440,潜艇用G7e声导鱼雷,T3,超稀有,潜艇鱼雷,声导,铁血,,,,,,,,,,,,,,,,
25200,潜艇用Mark 12鱼雷-菲里,T0,超稀有,潜艇鱼雷,通常,皇家,,,,,,,,,,,,,,,,
15000,潜艇用Mark 14鱼雷,T1,普通,潜艇鱼雷,通常,白鹰,,,,,,,,,,,,,,,,
15020,潜艇用Mark 14鱼雷,T2,稀有,潜艇鱼雷,通常,白鹰,,,,,,,,,,,,,,,,
15040,潜艇用Mark 14鱼雷,T3,精锐,潜艇鱼雷,通常,白鹰,,,,,,,,,,,,,,,,
15100,潜艇用Mark 16鱼雷,T1,稀有,潜艇鱼雷,通常,白鹰,,,,,,,,,,,,,,,,
15120,潜艇用Mark 16鱼雷,T2,精锐,潜艇鱼雷,通常,白鹰,,,,,,,,,,,,,,,,
15140,潜艇用Mark 16鱼雷,T3,超稀有,潜艇鱼雷,通常,白鹰,,,,,,,,,,,,,,,,
15060,潜艇用Mark 18鱼雷,T0,精锐,潜艇鱼雷,声导,白鹰,,,,,,,,,,,,,,,,
25300,潜艇用Mark 20 S鱼雷-彼得,T0,超稀有,潜艇鱼雷,声导,皇家,,,,,,,,,,,,,,,,
15160,潜艇用Mark 28鱼雷,T0,超稀有,潜艇鱼雷,声导,白鹰,,,,,,,,,,,,,,,,
25100,潜艇用Mark VIII鱼雷,T3,精锐,潜艇鱼雷,通常,皇家,,,,,,,,,,,,,,,,
,Ar-195舰载鱼雷机T0,,稀有,鱼雷机,,铁血,,,,,,,,,,,,,,,,
,Ar-197舰载战斗机T0,,稀有,战斗机,,铁血,,,,,,,,,,,,,,,,
,BF-109T舰载战斗机T1,,普通,战斗机,,铁血,,,,,,,,,,,,,,,,
,BF-109T舰载战斗机T2,,稀有,战斗机,,铁血,,,,,,,,,,,,,,,,
,BF-109T舰载战斗机T3,,精锐,战斗机,,铁血,,,,,,,,,,,,,,,,
,BR.810T0,,超稀有,鱼雷机,,自由鸢尾,,,,,,,,,,,,,,,,
,BTD-1毁灭者T1,,稀有,轰炸机,,白鹰,,,,,,,,,,,,,,,,
,BTD-1毁灭者T2,,精锐,轰炸机,,白鹰,,,,,,,,,,,,,,,,
,BTD-1毁灭者T3,,超稀有,轰炸机,,白鹰,,,,,,,,,,,,,,,,
,D.790T0,,精锐,战斗机,,自由鸢尾,,,,,,,,,,,,,,,,
,F2A水牛(萨奇队)T0,,超稀有,战斗机,,白鹰,,,,,,,,,,,,,,,,
,F2A水牛T1,,普通,战斗机,,白鹰,,,,,,,,,,,,,,,,
,F2A水牛T2,,普通,战斗机,,白鹰,,,,,,,,,,,,,,,,
,F2A水牛T3,,稀有,战斗机,,白鹰,,,,,,,,,,,,,,,,
,F4F野猫T1,,普通,战斗机,,白鹰,,,,,,,,,,,,,,,,
,F4F野猫T2,,稀有,战斗机,,白鹰,,,,,,,,,,,,,,,,
,F4F野猫T3,,精锐,战斗机,,白鹰,,,,,,,,,,,,,,,,
,F4U(VF-17“海盗”中队)T0,,超稀有,战斗机,,白鹰,,,,,,,,,,,,,,,,
,F4U海盗T1,,普通,战斗机,,白鹰,,,,,,,,,,,,,,,,
,F4U海盗T2,,稀有,战斗机,,白鹰,,,,,,,,,,,,,,,,
,F4U海盗T3,,精锐,战斗机,,白鹰,,,,,,,,,,,,,,,,
,F6F地狱猫T1,,稀有,战斗机,,白鹰,,,,,,,,,,,,,,,,
,F6F地狱猫T2,,精锐,战斗机,,白鹰,,,,,,,,,,,,,,,,
,F6F地狱猫T3,,超稀有,战斗机,,白鹰,,,,,,,,,,,,,,,,
,F7F虎猫T0,,超稀有,战斗机,,白鹰,,,,,,,,,,,,,,,,
,F8F熊猫T0,,超稀有,战斗机,,白鹰,,,,,,,,,,,,,,,,
,FBA 19T2,,稀有,水上机,,自由鸢尾,,,,,,,,,,,,,,,,
,FBA 19T3,,精锐,水上机,,自由鸢尾,,,,,,,,,,,,,,,,
,Fi-167舰载鱼雷机T0,,精锐,鱼雷机,,铁血,,,,,,,,,,,,,,,,
,G.50箭式战斗机T1,,普通,战斗机,,撒丁帝国,,,,,,,,,,,,,,,,
,G.50箭式战斗机T3,,精锐,战斗机,,撒丁帝国,,,,,,,,,,,,,,,,
,GL.2舰载战斗机T0,,稀有,战斗机,,自由鸢尾,,,,,,,,,,,,,,,,
,He-50b舰载轰炸机T0,,稀有,轰炸机,,铁血,,,,,,,,,,,,,,,,
,Ju-87 D-4T0,,超稀有,鱼雷机,,铁血,,,,,,,,,,,,,,,,
,Ju-87C俯冲轰炸机T1,,普通,轰炸机,,铁血,,,,,,,,,,,,,,,,
,Ju-87C俯冲轰炸机T2,,稀有,轰炸机,,铁血,,,,,,,,,,,,,,,,
,Ju-87C俯冲轰炸机T3,,精锐,轰炸机,,铁血,,,,,,,,,,,,,,,,
,Me-155A舰载战斗机T1,,稀有,战斗机,,铁血,,,,,,,,,,,,,,,,
,Me-155A舰载战斗机T2,,精锐,战斗机,,铁血,,,,,,,,,,,,,,,,
,Me-155A舰载战斗机T3,,超稀有,战斗机,,铁血,,,,,,,,,,,,,,,,
,PL.7舰载鱼雷机T0,,稀有,鱼雷机,,自由鸢尾,,,,,,,,,,,,,,,,
,Re.2001公羊T1,,普通,战斗机,,撒丁帝国,,,,,,,,,,,,,,,,
,Re.2001公羊T3,,精锐,战斗机,,撒丁帝国,,,,,,,,,,,,,,,,
,SB2C地狱俯冲者T1,,普通,轰炸机,,白鹰,,,,,,,,,,,,,,,,
,SB2C地狱俯冲者T2,,稀有,轰炸机,,白鹰,,,,,,,,,,,,,,,,
,SB2C地狱俯冲者T3,,精锐,轰炸机,,白鹰,,,,,,,,,,,,,,,,
,SBD无畏(麦克拉斯基队)T0,,超稀有,轰炸机,,白鹰,,,,,,,,,,,,,,,,
,SBD无畏T1,,普通,轰炸机,,白鹰,,,,,,,,,,,,,,,,
,SBD无畏T2,,普通,轰炸机,,白鹰,,,,,,,,,,,,,,,,
,SBD无畏T3,,稀有,轰炸机,,白鹰,,,,,,,,,,,,,,,,
,TBD蹂躏者(VT-8中队)T0,,超稀有,鱼雷机,,白鹰,,,,,,,,,,,,,,,,
,TBD蹂躏者T1,,普通,鱼雷机,,白鹰,,,,,,,,,,,,,,,,
,TBD蹂躏者T2,,普通,鱼雷机,,白鹰,,,,,,,,,,,,,,,,
,TBD蹂躏者T3,,稀有,鱼雷机,,白鹰,,,,,,,,,,,,,,,,
,TBF复仇者T1,,普通,鱼雷机,,白鹰,,,,,,,,,,,,,,,,
,TBF复仇者T2,,稀有,鱼雷机,,白鹰,,,,,,,,,,,,,,,,
,TBF复仇者T3,,精锐,鱼雷机,,白鹰,,,,,,,,,,,,,,,,
,TBM-3复仇者(反潜)T1,,普通,反潜机,,白鹰,,,,,,,,,,,,,,,,
,TBM-3复仇者(反潜)T2,,稀有,反潜机,,白鹰,,,,,,,,,,,,,,,,
,TBM-3复仇者(反潜)T3,,精锐,反潜机,,白鹰,,,,,,,,,,,,,,,,
,TBM复仇者(VT-18中队)T0,,超稀有,鱼雷机,,白鹰,,,,,,,,,,,,,,,,
,XF5F天箭T0,,精锐,战斗机,,白鹰,,,,,,,,,,,,,,,,
,XTB2D-1天空海盗T0,,超稀有,鱼雷机,,白鹰,,,,,,,,,,,,,,,,
,九七式舰攻T1,,普通,鱼雷机,,重樱,,,,,,,,,,,,,,,,
,九七式舰攻T2,,普通,鱼雷机,,重樱,,,,,,,,,,,,,,,,
,九七式舰攻T3,,稀有,鱼雷机,,重樱,,,,,,,,,,,,,,,,
,九七式舰攻改T0,,稀有,鱼雷机,,重樱,,,,,,,,,,,,,,,,
,九九式舰爆T1,,普通,轰炸机,,重樱,,,,,,,,,,,,,,,,
,九九式舰爆T2,,稀有,轰炸机,,重樱,,,,,,,,,,,,,,,,
,九九式舰爆T3,,精锐,轰炸机,,重樱,,,,,,,,,,,,,,,,
,九九式舰爆改T0,,精锐,轰炸机,,重樱,,,,,,,,,,,,,,,,
,九六式舰战T1,,普通,战斗机,,重樱,,,,,,,,,,,,,,,,
,九六式舰战T2,,普通,战斗机,,重樱,,,,,,,,,,,,,,,,
,九六式舰战T3,,稀有,战斗机,,重樱,,,,,,,,,,,,,,,,
,二式水上战斗机T0,,精锐,水上机,,重樱,,,,,,,,,,,,,,,,
,剑鱼(818中队)T0,,超稀有,鱼雷机,,皇家,,,,,,,,,,,,,,,,
,剑鱼Mark II-ASV(反潜)T1,,普通,反潜机,,皇家,,,,,,,,,,,,,,,,
,剑鱼Mark II-ASV(反潜)T2,,稀有,反潜机,,皇家,,,,,,,,,,,,,,,,
,剑鱼Mark II-ASV(反潜)T3,,精锐,反潜机,,皇家,,,,,,,,,,,,,,,,
,剑鱼T1,,普通,鱼雷机,,皇家,,,,,,,,,,,,,,,,
,剑鱼T2,,稀有,鱼雷机,,皇家,,,,,,,,,,,,,,,,
,剑鱼T3,,精锐,鱼雷机,,皇家,,,,,,,,,,,,,,,,
,天山T1,,普通,鱼雷机,,重樱,,,,,,,,,,,,,,,,
,天山T2,,稀有,鱼雷机,,重樱,,,,,,,,,,,,,,,,
,天山T3,,精锐,鱼雷机,,重樱,,,,,,,,,,,,,,,,
,天山改T0,,精锐,鱼雷机,,重樱,,,,,,,,,,,,,,,,
,实验型XSB3C-1T0,,超稀有,轰炸机,,白鹰,,,,,,,,,,,,,,,,
,强风T0,,精锐,水上机,,重樱,,,,,,,,,,,,,,,,
,彗星T1,,稀有,轰炸机,,重樱,,,,,,,,,,,,,,,,
,彗星T2,,精锐,轰炸机,,重樱,,,,,,,,,,,,,,,,
,彗星T3,,超稀有,轰炸机,,重樱,,,,,,,,,,,,,,,,
,彗星一二型甲T0,,超稀有,轰炸机,,重樱,,,,,,,,,,,,,,,,
,彗星二一型T0,,超稀有,轰炸机,,重樱,,,,,,,,,,,,,,,,
,晴岚T0,,精锐,水上机,,重樱,,,,,,,,,,,,,,,,
,梭鱼(831中队)T0,,超稀有,轰炸机,,皇家,,,,,,,,,,,,,,,,
,梭鱼T1,,稀有,鱼雷机,,皇家,,,,,,,,,,,,,,,,
,梭鱼T2,,精锐,鱼雷机,,皇家,,,,,,,,,,,,,,,,
,梭鱼T3,,超稀有,鱼雷机,,皇家,,,,,,,,,,,,,,,,
,流星T1,,稀有,鱼雷机,,重樱,,,,,,,,,,,,,,,,
,流星T2,,精锐,鱼雷机,,重樱,,,,,,,,,,,,,,,,
,流星T3,,超稀有,鱼雷机,,重樱,,,,,,,,,,,,,,,,
,海喷火FR.47T0,,超稀有,战斗机,,皇家,,,,,,,,,,,,,,,,
,海喷火T1,,普通,战斗机,,皇家,,,,,,,,,,,,,,,,
,海喷火T2,,稀有,战斗机,,皇家,,,,,,,,,,,,,,,,
,海喷火T3,,精锐,战斗机,,皇家,,,,,,,,,,,,,,,,
,海大黄蜂T0,,超稀有,战斗机,,皇家,,,,,,,,,,,,,,,,
,海怒T0,,超稀有,战斗机,,皇家,,,,,,,,,,,,,,,,
,海斗士T1,,普通,战斗机,,皇家,,,,,,,,,,,,,,,,
,海斗士T2,,普通,战斗机,,皇家,,,,,,,,,,,,,,,,
,海斗士T3,,稀有,战斗机,,皇家,,,,,,,,,,,,,,,,
,海毒牙T1,,稀有,战斗机,,皇家,,,,,,,,,,,,,,,,
,海毒牙T2,,精锐,战斗机,,皇家,,,,,,,,,,,,,,,,
,海毒牙T3,,超稀有,战斗机,,皇家,,,,,,,,,,,,,,,,
,海燕T1,,普通,轰炸机,,皇家,,,,,,,,,,,,,,,,
,海燕T2,,稀有,轰炸机,,皇家,,,,,,,,,,,,,,,,
,海燕T3,,精锐,轰炸机,,皇家,,,,,,,,,,,,,,,,
,海飓风T3,,稀有,战斗机,,皇家,,,,,,,,,,,,,,,,
,火冠T0,,超稀有,鱼雷机,,皇家,,,,,,,,,,,,,,,,
,火把T0,,超稀有,鱼雷机,,皇家,,,,,,,,,,,,,,,,
,烈风T1,,稀有,战斗机,,重樱,,,,,,,,,,,,,,,,
,烈风T2,,精锐,战斗机,,重樱,,,,,,,,,,,,,,,,
,烈风T3,,超稀有,战斗机,,重樱,,,,,,,,,,,,,,,,
,瑞云T1,,普通,水上机,,重樱,,,,,,,,,,,,,,,,
,瑞云T2,,稀有,水上机,,重樱,,,,,,,,,,,,,,,,
,瑞云T3,,精锐,水上机,,重樱,,,,,,,,,,,,,,,,
,紫电改二T0,,超稀有,战斗机,,重樱,,,,,,,,,,,,,,,,
,萤火虫T0,,超稀有,轰炸机,,皇家,,,,,,,,,,,,,,,,
,试作型VIT-2(VK-107)T0,,超稀有,鱼雷机,,北方联合,,,,,,,,,,,,,,,,
,试作型XF2A-4水牛T0,,精锐,战斗机,,白鹰,,,,,,,,,,,,,,,,
,试作型XF5U飞碟T0,,超稀有,战斗机,,白鹰,,,,,,,,,,,,,,,,
,试作型彩云(舰攻型)T0,,超稀有,鱼雷机,,重樱,,,,,,,,,,,,,,,,
,试作型舰载FW-190 A-5T0,,精锐,战斗机,,铁血,,,,,,,,,,,,,,,,
,试作舰载型BF-109GT0,,超稀有,战斗机,,铁血,,,,,,,,,,,,,,,,
,试作舰载型Su-2T0,,超稀有,轰炸机,,北方联合,,,,,,,,,,,,,,,,
,试作舰载型天雷T0,,海上传奇,轰炸机,,重樱,,,,,,,,,,,,,,,,
,贼鸥T1,,普通,轰炸机,,皇家,,,,,,,,,,,,,,,,
,贼鸥T2,,普通,轰炸机,,皇家,,,,,,,,,,,,,,,,
,贼鸥T3,,稀有,轰炸机,,皇家,,,,,,,,,,,,,,,,
,零战三二型T0,,精锐,战斗机,,重樱,,,,,,,,,,,,,,,,
,零战二一型T1,,普通,战斗机,,重樱,,,,,,,,,,,,,,,,
,零战二一型T2,,稀有,战斗机,,重樱,,,,,,,,,,,,,,,,
,零战二一型T3,,精锐,战斗机,,重樱,,,,,,,,,,,,,,,,
,零战五二型T1,,稀有,战斗机,,重樱,,,,,,,,,,,,,,,,
,零战五二型T2,,精锐,战斗机,,重樱,,,,,,,,,,,,,,,,
,零战五二型T3,,超稀有,战斗机,,重樱,,,,,,,,,,,,,,,,
,青花鱼T1,,普通,鱼雷机,,皇家,,,,,,,,,,,,,,,,
,青花鱼T2,,稀有,鱼雷机,,皇家,,,,,,,,,,,,,,,,
,青花鱼T3,,精锐,鱼雷机,,皇家,,,,,,,,,,,,,,,,
,飞龙T0,,海上传奇,鱼雷机,,皇家,,,,,,,,,,,,,,,,
